Liquidos,Comida,Precios
leche,papas,36799
leche,ponque,29613
agua-saborisada,ponque,30465
agua,papas,30935
agua-saborisada,ponque,16469
leche,sandwitch,37246
leche,sandwitch,38128
agua,ponque,35058
agua-saborisada,sandwitch,21463
agua,ponque,34133
jugo,ponque,22672
agua,papas,31218
agua,papas,21316
agua-saborisada,sandwitch,19472
jugo,papas,27355
agua,papas,19972
agua,ponque,24627
agua-saborisada,ponque,15535
agua-saborisada,sandwitch,39895
agua,sandwitch,15983
jugo,ponque,27117
agua-saborisada,sandwitch,26220
leche,ponque,16431
jugo,papas,19201
agua,sandwitch,18564
agua,papas,31529
jugo,papas,19373
agua-saborisada,ponque,28749
agua,ponque,25596
agua,papas,32352
agua,sandwitch,34721
jugo,papas,30119
jugo,papas,36457
agua,sandwitch,34016
jugo,papas,35934
jugo,papas,18342
leche,papas,25058
agua-saborisada,papas,37939
jugo,sandwitch,39416
leche,ponque,30348
leche,papas,26038
agua,papas,20748
leche,papas,33620
jugo,sandwitch,36919
leche,sandwitch,21915
leche,sandwitch,29836
agua-saborisada,papas,33933
agua,papas,29822
agua-saborisada,ponque,19113
agua-saborisada,ponque,26545
leche,ponque,24573
agua-saborisada,ponque,21268
jugo,papas,23983
agua,sandwitch,33283
jugo,papas,32947
leche,ponque,32553
jugo,ponque,20357
agua-saborisada,ponque,30246
agua,ponque,33214
agua-saborisada,sandwitch,16856
leche,sandwitch,26694
agua-saborisada,sandwitch,30351
leche,ponque,17551
agua,sandwitch,25708
jugo,papas,29781
agua,papas,26217
agua,ponque,28824
leche,sandwitch,34210
agua-saborisada,sandwitch,38234
agua-saborisada,ponque,33661
jugo,papas,20424
leche,sandwitch,36236
leche,sandwitch,29928
leche,ponque,27491
leche,ponque,35551
leche,ponque,34416
agua-saborisada,ponque,17749
agua-saborisada,ponque,33664
jugo,ponque,39250
agua-saborisada,sandwitch,34171
agua-saborisada,papas,28064
agua,papas,24876
leche,papas,31335
agua-saborisada,ponque,34228
jugo,sandwitch,17618
leche,sandwitch,15562
leche,sandwitch,19060
agua,ponque,37829
leche,ponque,24300
agua,papas,24113
agua-saborisada,papas,21601
leche,sandwitch,21163
agua,sandwitch,18189
agua-saborisada,sandwitch,27645
agua,ponque,16018
jugo,ponque,35254
jugo,ponque,20898
jugo,sandwitch,30689
agua,papas,22409
agua,sandwitch,19023
agua,ponque,29088
agua,ponque,33710
leche,papas,24678
agua-saborisada,sandwitch,28505
jugo,papas,25021
jugo,papas,18572
jugo,sandwitch,39840
jugo,sandwitch,36173
agua-saborisada,sandwitch,37463
jugo,papas,31072
agua,papas,24468
agua,ponque,34298
leche,ponque,19269
agua-saborisada,ponque,22432
jugo,papas,16872
leche,papas,37930
agua,papas,23419
leche,papas,16303
jugo,sandwitch,15154
leche,ponque,21839
agua,sandwitch,37908
agua,papas,39623
jugo,sandwitch,17539
jugo,sandwitch,17338
agua,papas,38430
agua-saborisada,sandwitch,30288
agua,papas,34215
agua-saborisada,sandwitch,29380
agua-saborisada,ponque,25905
agua,papas,27657
leche,sandwitch,18733
agua-saborisada,ponque,26645
agua,sandwitch,16180
agua,papas,29267
leche,papas,22836
agua-saborisada,sandwitch,39330
jugo,ponque,20327
jugo,ponque,32552
leche,sandwitch,36613
leche,ponque,32495
jugo,papas,28259
jugo,ponque,23461
jugo,papas,34429
jugo,sandwitch,24855
leche,ponque,24527
agua-saborisada,sandwitch,18047
leche,sandwitch,34326
leche,ponque,32795
agua-saborisada,papas,39182
agua,papas,39709
jugo,sandwitch,33722
leche,papas,35116
agua,papas,15430
leche,sandwitch,33290
leche,papas,26542
agua,papas,28939
agua,sandwitch,26354
agua,ponque,22578
agua-saborisada,papas,37600
leche,papas,35644
agua,sandwitch,26458
agua,ponque,15286
agua-saborisada,sandwitch,34300
jugo,sandwitch,29789
jugo,ponque,38982
agua-saborisada,sandwitch,15710
agua-saborisada,papas,19896
agua,sandwitch,34718
jugo,papas,24151
agua-saborisada,papas,26798
agua-saborisada,ponque,27204
leche,ponque,23659
agua,papas,35398
leche,ponque,19666
agua,sandwitch,19436
agua-saborisada,papas,35891
leche,sandwitch,32429
jugo,ponque,23940
agua,papas,28526
agua-saborisada,papas,24112
agua-saborisada,ponque,20443
agua,papas,36405
leche,ponque,24086
jugo,sandwitch,32147
jugo,papas,17381
agua-saborisada,sandwitch,34738
agua-saborisada,papas,33083
leche,sandwitch,39061
agua,sandwitch,27050
agua,sandwitch,20272
jugo,ponque,37639
leche,sandwitch,22418
leche,ponque,23843
agua,papas,37913
leche,papas,24611
leche,papas,33374
leche,papas,20938
jugo,ponque,36741
leche,ponque,27389
agua-saborisada,sandwitch,22019
agua,ponque,35831
jugo,sandwitch,15827
jugo,papas,20509
agua-saborisada,sandwitch,17696
jugo,sandwitch,29492
leche,sandwitch,27416
jugo,papas,27848
agua-saborisada,papas,17896
agua-saborisada,ponque,33280
agua,papas,19459
agua,ponque,37762
jugo,papas,25953
agua,sandwitch,39899
leche,sandwitch,21912
agua,papas,27024
agua-saborisada,ponque,37019
jugo,papas,35399
agua,papas,26626
jugo,sandwitch,37431
agua,ponque,17660
agua-saborisada,ponque,15816
leche,papas,20111
jugo,ponque,35211
leche,ponque,17507
leche,ponque,24808
leche,sandwitch,19793
agua,papas,30915
agua-saborisada,sandwitch,39465
agua,sandwitch,20384
agua,ponque,17160
agua-saborisada,ponque,18788
leche,sandwitch,16226
jugo,sandwitch,18358
agua-saborisada,sandwitch,39875
agua-saborisada,ponque,17232
agua-saborisada,ponque,30122
agua-saborisada,ponque,29969
leche,papas,31971
leche,ponque,28189
leche,papas,22110
agua-saborisada,ponque,34589
agua,ponque,34991
jugo,papas,28779
agua,ponque,17041
agua,ponque,27649
agua,sandwitch,22166
agua,sandwitch,15405
jugo,ponque,17824
agua,ponque,28220
agua-saborisada,papas,28139
leche,papas,30135
leche,papas,22457
agua,sandwitch,37428
leche,papas,29353
agua-saborisada,ponque,36263
leche,sandwitch,39873
jugo,sandwitch,15737
agua-saborisada,papas,34113
leche,papas,25660
agua,papas,16887
agua,ponque,19673
agua,ponque,17685
agua-saborisada,ponque,22329
leche,papas,18139
agua,sandwitch,28825
leche,ponque,28633
agua,sandwitch,34971
agua,sandwitch,25730
jugo,sandwitch,33540
leche,papas,31953
agua-saborisada,ponque,23306
leche,ponque,24904
jugo,sandwitch,32704
jugo,papas,27331
agua,ponque,36539
agua-saborisada,sandwitch,19443
agua-saborisada,ponque,18023
agua-saborisada,ponque,25673
leche,ponque,37172
agua-saborisada,ponque,31834
agua-saborisada,sandwitch,31089
leche,ponque,15179
jugo,ponque,28529
agua-saborisada,sandwitch,26445
agua,papas,32187
leche,sandwitch,25574
agua-saborisada,ponque,31630
agua,sandwitch,16757
agua,ponque,16689
leche,papas,37788
agua-saborisada,papas,31045
leche,papas,35736
leche,papas,22439
agua,papas,31823
agua-saborisada,sandwitch,38290
jugo,papas,35984
agua,ponque,33592
leche,papas,34238
agua-saborisada,sandwitch,38281
agua-saborisada,sandwitch,23095
leche,sandwitch,30069
agua,ponque,34193
agua,sandwitch,29322
jugo,sandwitch,29057
agua-saborisada,papas,32074
leche,ponque,16990
agua-saborisada,papas,39633
agua-saborisada,papas,39965
leche,ponque,28149
agua-saborisada,papas,35138
agua,ponque,25658
jugo,ponque,34363
agua-saborisada,sandwitch,22879
agua,sandwitch,36066
leche,papas,27992
leche,papas,37391
agua-saborisada,papas,31417
agua-saborisada,papas,29634
agua,sandwitch,16765
jugo,ponque,25319
jugo,papas,17919
jugo,ponque,27167
jugo,ponque,15591
agua,papas,35466
agua,sandwitch,30177
agua,ponque,25950
leche,papas,21352
agua-saborisada,papas,28928
jugo,sandwitch,29450
jugo,papas,15153
agua-saborisada,papas,39305
leche,ponque,28541
leche,sandwitch,26353
jugo,papas,38685
agua-saborisada,papas,16534
jugo,sandwitch,27937
leche,papas,33252
agua,ponque,37362
leche,papas,38958
agua,ponque,22829
jugo,sandwitch,31796
leche,ponque,32914
agua,ponque,21778
leche,papas,17599
jugo,sandwitch,30271
leche,papas,36114
agua-saborisada,papas,17565
agua,papas,15198
leche,sandwitch,18052
agua,papas,33313
leche,ponque,24463
agua,sandwitch,34465
agua-saborisada,sandwitch,17767
leche,papas,29886
jugo,sandwitch,38141
agua-saborisada,sandwitch,37750
agua-saborisada,papas,17573
leche,ponque,37879
leche,sandwitch,26708
jugo,sandwitch,24397
jugo,ponque,38952
agua-saborisada,papas,20311
leche,ponque,21594
leche,papas,32034
agua,ponque,31041
agua-saborisada,ponque,31838
jugo,sandwitch,26843
leche,papas,36891
agua,sandwitch,23175
agua,papas,20046
leche,sandwitch,26898
agua,sandwitch,16810
leche,papas,31977
jugo,papas,26054
agua,sandwitch,35479
jugo,sandwitch,39252
jugo,ponque,26630
agua-saborisada,ponque,25866
leche,ponque,16695
jugo,papas,26067
leche,sandwitch,29913
leche,sandwitch,39938
agua-saborisada,ponque,25444
jugo,ponque,17645
agua-saborisada,sandwitch,21289
leche,ponque,38192
agua,sandwitch,38191
leche,papas,31285
agua,ponque,23121
agua,sandwitch,39233
jugo,sandwitch,33948
agua-saborisada,ponque,25838
jugo,ponque,36572
agua,ponque,26624
jugo,papas,27604
agua-saborisada,ponque,16823
agua,papas,20250
agua-saborisada,papas,25488
agua-saborisada,ponque,16338
agua-saborisada,ponque,17748
jugo,papas,29443
agua-saborisada,papas,37545
jugo,ponque,35470
agua-saborisada,ponque,21565
agua,papas,33284
agua-saborisada,papas,32382
leche,sandwitch,38034
agua-saborisada,ponque,33270
jugo,papas,16113
agua,sandwitch,32759
agua-saborisada,papas,37100
agua,sandwitch,36186
leche,ponque,27429
leche,papas,31384
agua-saborisada,sandwitch,20909
agua-saborisada,sandwitch,20843
jugo,papas,32359
jugo,ponque,26383
agua-saborisada,ponque,32522
agua-saborisada,papas,25117
leche,papas,34449
jugo,papas,25682
agua-saborisada,ponque,23326
jugo,ponque,24873
jugo,ponque,38976
leche,sandwitch,35627
agua-saborisada,ponque,23909
jugo,sandwitch,33032
jugo,ponque,21260
agua,sandwitch,26142
jugo,sandwitch,37560
agua-saborisada,papas,36606
agua,sandwitch,21624
jugo,papas,39482
jugo,ponque,24327
agua-saborisada,ponque,30885
leche,papas,24544
jugo,sandwitch,26185
agua,sandwitch,37279
agua,papas,23804
agua-saborisada,sandwitch,20860
jugo,ponque,23217
agua,ponque,24991
agua-saborisada,sandwitch,19083
agua,papas,28801
agua-saborisada,papas,24694
agua-saborisada,ponque,25612
agua-saborisada,papas,27759
agua-saborisada,sandwitch,32603
agua,ponque,21014
agua-saborisada,papas,22845
agua,papas,25837
agua-saborisada,ponque,19150
agua,sandwitch,28095
jugo,papas,32510
leche,papas,25842
agua-saborisada,ponque,27093
jugo,sandwitch,35935
agua,papas,21513
agua-saborisada,ponque,30933
agua-saborisada,papas,37297
agua,papas,18444
agua-saborisada,ponque,23209
agua,papas,38487
jugo,sandwitch,24654
agua,papas,23648
jugo,papas,15459
agua-saborisada,ponque,34960
jugo,sandwitch,38303
leche,sandwitch,39463
leche,ponque,22246
agua-saborisada,sandwitch,35110
agua-saborisada,sandwitch,38635
jugo,sandwitch,17634
agua,sandwitch,30959
agua-saborisada,ponque,21069
agua,papas,24263
agua,sandwitch,33035
leche,ponque,30980
agua-saborisada,sandwitch,19253
jugo,ponque,16507
agua,sandwitch,29236
agua-saborisada,ponque,38944
agua-saborisada,papas,33177
agua-saborisada,papas,28839
jugo,sandwitch,31388
agua-saborisada,papas,21954
agua,ponque,20995
leche,sandwitch,34254
jugo,papas,34762
agua,sandwitch,24275
agua,sandwitch,18659
agua,sandwitch,19584
jugo,sandwitch,38428
agua,ponque,22739
jugo,ponque,32544
leche,ponque,36590
agua,ponque,18783
agua-saborisada,ponque,19581
leche,sandwitch,32100
leche,sandwitch,25886
agua-saborisada,papas,33069
agua,ponque,28923
leche,sandwitch,38111
leche,ponque,15166
agua,sandwitch,30239
agua,papas,33874
leche,ponque,23506
agua,papas,31924
agua-saborisada,papas,19272
leche,ponque,27575
agua-saborisada,ponque,36790
agua,papas,21294
jugo,ponque,36693
agua,papas,35534
agua-saborisada,sandwitch,31925
jugo,ponque,19547
leche,ponque,20275
agua,papas,22755
jugo,sandwitch,37952
leche,ponque,38984
jugo,papas,21372
agua-saborisada,ponque,38047
agua,ponque,17862
agua-saborisada,sandwitch,38493
leche,ponque,33530
leche,ponque,30147
agua,sandwitch,27202
agua-saborisada,sandwitch,22198
leche,ponque,38264
agua-saborisada,sandwitch,35487
jugo,papas,29659
agua,papas,18021
leche,sandwitch,34891
agua,sandwitch,16537
agua,sandwitch,15013
jugo,ponque,15035
jugo,ponque,25949
agua,ponque,27443
agua,sandwitch,33264
agua,papas,36974
leche,papas,18900
leche,ponque,22693
agua,ponque,35225
agua,ponque,38195
agua-saborisada,ponque,39543
jugo,papas,26605
leche,sandwitch,20145
agua,ponque,29195
leche,papas,34537
jugo,ponque,37032
jugo,ponque,32340
jugo,sandwitch,25560
agua,sandwitch,21971
agua,papas,19511
leche,ponque,24402
agua,ponque,19961
jugo,ponque,26001
agua-saborisada,sandwitch,32653
agua,sandwitch,27987
leche,sandwitch,32975
agua-saborisada,papas,39644
agua-saborisada,papas,23051
agua,ponque,22816
agua,ponque,34467
agua,papas,18311
jugo,sandwitch,24739
agua,papas,24589
agua,papas,33495
agua,sandwitch,24065
jugo,ponque,33522
agua,papas,28586
leche,papas,24864
leche,ponque,20555
leche,ponque,29017
jugo,sandwitch,29295
agua,ponque,25946
agua-saborisada,papas,17106
agua,sandwitch,25495
agua-saborisada,sandwitch,21735
leche,ponque,33191
leche,papas,31854
agua,ponque,22818
leche,sandwitch,22445
jugo,sandwitch,15827
agua,sandwitch,21428
agua,ponque,23465
leche,papas,34706
jugo,sandwitch,29470
leche,papas,36847
agua-saborisada,sandwitch,20839
agua-saborisada,papas,27067
jugo,sandwitch,36669
agua,papas,26286
agua,ponque,39948
agua,papas,17628
jugo,sandwitch,16778
jugo,papas,27211
leche,papas,16554
leche,ponque,17199
jugo,papas,24812
jugo,sandwitch,24209
jugo,ponque,18377
agua-saborisada,papas,28873
leche,papas,16231
agua-saborisada,sandwitch,22429
agua,sandwitch,25238
jugo,ponque,15740
leche,sandwitch,15743
agua-saborisada,papas,28844
jugo,papas,39247
leche,ponque,19041
agua,sandwitch,19568
leche,papas,28769
leche,papas,19776
agua-saborisada,ponque,19097
agua-saborisada,ponque,23102
agua-saborisada,papas,33266
leche,papas,31044
leche,ponque,23541
agua-saborisada,sandwitch,29051
leche,ponque,17277
agua,sandwitch,30163
agua-saborisada,sandwitch,20893
agua,ponque,15524
leche,ponque,21648
agua,ponque,30022
agua-saborisada,papas,38886
jugo,papas,23811
agua-saborisada,sandwitch,25197
leche,ponque,27369
leche,ponque,24157
agua,ponque,34646
agua,sandwitch,38300
leche,ponque,15889
leche,ponque,21013
jugo,sandwitch,21031
agua,papas,31954
leche,sandwitch,30482
agua-saborisada,ponque,34815
agua-saborisada,sandwitch,35368
agua,sandwitch,16754
jugo,papas,32443
agua-saborisada,sandwitch,15455
jugo,ponque,25202
agua,papas,36146
agua-saborisada,ponque,21169
agua-saborisada,ponque,26939
leche,papas,27931
agua-saborisada,sandwitch,37076
jugo,papas,30662
leche,papas,30023
agua,papas,24947
agua,sandwitch,21423
leche,papas,19493
jugo,sandwitch,23159
leche,sandwitch,36245
agua,ponque,21541
jugo,papas,37906
jugo,ponque,39987
agua,papas,23164
jugo,papas,23864
agua-saborisada,sandwitch,17331
leche,ponque,36097
agua,ponque,37951
leche,sandwitch,30954
agua-saborisada,papas,30169
leche,papas,15461
jugo,papas,24498
agua-saborisada,ponque,26766
leche,papas,37830
agua-saborisada,ponque,34822
leche,ponque,31886
jugo,ponque,21350
agua,papas,34035
jugo,sandwitch,37829
agua,papas,36818
jugo,ponque,18655
jugo,ponque,23995
leche,ponque,31137
leche,papas,26240
agua,papas,33700
agua-saborisada,papas,24821
jugo,ponque,29564
agua-saborisada,ponque,30315
jugo,papas,21994
agua,ponque,38424
leche,ponque,26577
jugo,ponque,16105
agua-saborisada,sandwitch,39641
agua-saborisada,papas,38524
jugo,sandwitch,34077
agua-saborisada,papas,27361
leche,sandwitch,20045
agua-saborisada,sandwitch,29406
jugo,sandwitch,31915
jugo,sandwitch,15972
agua-saborisada,ponque,18318
jugo,sandwitch,22577
jugo,sandwitch,25599
agua,papas,28077
leche,ponque,23948
leche,papas,25649
agua,ponque,38240
agua-saborisada,ponque,18734
leche,papas,26566
agua,sandwitch,16324
jugo,papas,24046
leche,ponque,26556
agua-saborisada,sandwitch,29562
agua,sandwitch,35279
agua,ponque,24417
agua,papas,26544
leche,sandwitch,38305
jugo,sandwitch,34657
agua-saborisada,papas,29586
jugo,ponque,22559
leche,ponque,38972
agua,papas,18632
agua-saborisada,ponque,18170
agua-saborisada,sandwitch,30728
agua,papas,21747
agua-saborisada,sandwitch,20929
agua-saborisada,papas,17626
leche,sandwitch,26816
leche,ponque,25263
agua-saborisada,papas,39457
agua,papas,37845
agua,ponque,30277
jugo,papas,24901
jugo,papas,29569
agua,sandwitch,29548
jugo,ponque,30149
agua,sandwitch,39897
agua,papas,19844
agua-saborisada,papas,25777
agua,ponque,36782
agua-saborisada,sandwitch,24949
leche,sandwitch,35181
agua,sandwitch,26118
agua,papas,36547
agua,papas,21053
jugo,ponque,30159
agua,ponque,26099
agua-saborisada,ponque,20433
leche,sandwitch,33963
agua,ponque,32218
leche,sandwitch,21558
agua-saborisada,ponque,35410
agua-saborisada,papas,24881
agua-saborisada,ponque,38851
leche,papas,33185
agua-saborisada,ponque,23769
jugo,sandwitch,21246
jugo,sandwitch,33031
agua-saborisada,ponque,31657
jugo,ponque,39839
leche,ponque,29194
leche,papas,22667
agua-saborisada,ponque,28258
leche,papas,24318
agua,sandwitch,23091
jugo,ponque,37248
leche,sandwitch,21046
agua-saborisada,papas,29288
agua,ponque,31963
leche,sandwitch,39908
agua-saborisada,papas,18449
jugo,papas,29465
jugo,ponque,18017
agua-saborisada,ponque,31726
agua-saborisada,ponque,28084
leche,papas,28293
leche,sandwitch,39212
jugo,papas,33429
agua,sandwitch,30667
agua,ponque,24046
jugo,ponque,19090
agua-saborisada,ponque,22262
agua-saborisada,ponque,39673
leche,sandwitch,21099
agua,sandwitch,29198
jugo,ponque,23357
agua,ponque,22782
leche,sandwitch,32494
agua-saborisada,papas,20471
jugo,sandwitch,37172
agua,papas,22483
agua,sandwitch,30981
agua-saborisada,sandwitch,22426
agua,papas,22578
jugo,sandwitch,16812
agua-saborisada,sandwitch,31238
jugo,sandwitch,18528
agua,sandwitch,30815
agua,sandwitch,31219
agua-saborisada,ponque,38415
agua,papas,17746
agua-saborisada,sandwitch,17806
agua,ponque,18731
jugo,sandwitch,27956
agua-saborisada,sandwitch,19504
agua-saborisada,papas,39791
leche,sandwitch,29323
agua-saborisada,papas,21413
agua,sandwitch,20033
leche,ponque,26633
agua-saborisada,ponque,34587
leche,papas,23050
agua-saborisada,sandwitch,28707
jugo,ponque,26098
jugo,papas,30517
leche,sandwitch,33011
jugo,sandwitch,36242
leche,sandwitch,18033
leche,sandwitch,27985
agua,ponque,20549
agua-saborisada,papas,27346
leche,ponque,22106
jugo,ponque,21591
agua-saborisada,ponque,26035
agua-saborisada,papas,19402
agua-saborisada,sandwitch,26507
agua-saborisada,sandwitch,31344
leche,ponque,38758
agua-saborisada,sandwitch,28340
jugo,papas,29550
agua,sandwitch,26493
agua,ponque,15508
agua,ponque,20777
jugo,sandwitch,20640
agua,ponque,25236
leche,papas,35062
leche,ponque,38940
agua,sandwitch,18873
agua,sandwitch,38768
agua,sandwitch,26865
agua,papas,37266
agua-saborisada,ponque,38806
agua-saborisada,sandwitch,29172
agua,ponque,16483
leche,sandwitch,23696
agua,sandwitch,34941
jugo,sandwitch,36175
jugo,papas,21280
jugo,sandwitch,24968
leche,papas,24342
agua-saborisada,sandwitch,24576
leche,ponque,22288
leche,ponque,16707
leche,sandwitch,36951
agua-saborisada,sandwitch,34853
agua,papas,22621
agua,sandwitch,38622
agua,papas,28054
agua-saborisada,papas,38455
agua,papas,29932
agua,sandwitch,22597
agua-saborisada,ponque,28505
jugo,papas,24190
agua,papas,24983
leche,sandwitch,35918
agua-saborisada,sandwitch,31730
agua,ponque,27531
agua-saborisada,papas,18442
agua,papas,16952
agua-saborisada,ponque,24265
agua,sandwitch,37047
jugo,ponque,15605
jugo,ponque,33527
agua,sandwitch,21019
agua,sandwitch,22529
leche,papas,34452
agua,papas,24132
agua,sandwitch,22624
agua-saborisada,sandwitch,15962
jugo,ponque,21630
agua,ponque,38023
leche,papas,29017
jugo,sandwitch,36115
agua-saborisada,papas,32825
agua-saborisada,sandwitch,22243
jugo,ponque,33374
jugo,sandwitch,37058
agua,sandwitch,24966
leche,papas,35293
agua,papas,37748
leche,ponque,27346
leche,ponque,34413
jugo,ponque,37704
agua-saborisada,ponque,32555
jugo,papas,24559
agua-saborisada,ponque,28644
agua,ponque,25046
jugo,ponque,36005
leche,papas,21057
jugo,papas,30449
agua,sandwitch,19285
leche,papas,23814
agua-saborisada,papas,29531
agua,ponque,36975
leche,ponque,19403
jugo,sandwitch,23915
jugo,papas,17304
leche,papas,36011
jugo,papas,31558
leche,ponque,27610
agua,ponque,39131
agua,papas,25812
agua,papas,22598
agua-saborisada,ponque,25846
leche,ponque,19178
agua,ponque,24003
jugo,sandwitch,23059
leche,sandwitch,28816
agua,sandwitch,30088
agua-saborisada,ponque,26819
agua,sandwitch,39354
leche,ponque,32200
agua,papas,29172
agua,sandwitch,24275
agua-saborisada,sandwitch,32824
agua,ponque,27785
leche,sandwitch,30900
agua,papas,34350
leche,ponque,23992
agua-saborisada,papas,28164
agua-saborisada,papas,25264
agua-saborisada,ponque,35113
leche,ponque,20828
leche,papas,35900
leche,ponque,25551
agua-saborisada,papas,26235
leche,sandwitch,31877
agua,papas,25474
agua,papas,20391
agua,sandwitch,30553
jugo,papas,34633
agua,papas,39584
agua-saborisada,ponque,34512
agua-saborisada,papas,24420
jugo,ponque,35600
jugo,sandwitch,36688
agua,ponque,19484
agua-saborisada,papas,25710
jugo,papas,34848
jugo,ponque,27418
leche,sandwitch,30467
agua-saborisada,sandwitch,23228
leche,ponque,25314
jugo,ponque,37386
leche,sandwitch,36891
jugo,sandwitch,22699
jugo,papas,31216
jugo,ponque,38869
agua-saborisada,sandwitch,17653
jugo,ponque,22535
agua,papas,23469
agua-saborisada,papas,29797
agua,sandwitch,22754
leche,sandwitch,39654
leche,sandwitch,35094
jugo,ponque,29687
jugo,ponque,27980
jugo,sandwitch,23612
leche,sandwitch,19417
jugo,sandwitch,27430
agua,ponque,16925
leche,ponque,33429
jugo,ponque,29902
agua,sandwitch,28548
leche,sandwitch,24702
agua-saborisada,sandwitch,24997
agua-saborisada,ponque,35941
jugo,sandwitch,26655
leche,papas,19690
agua-saborisada,sandwitch,25393
agua,papas,30991
leche,ponque,20037
agua,ponque,33315
agua-saborisada,sandwitch,32537
agua,sandwitch,36568
leche,sandwitch,32292
leche,ponque,18188
jugo,sandwitch,20386
jugo,sandwitch,37305
agua-saborisada,papas,27466
jugo,sandwitch,22535
agua,ponque,23224
jugo,sandwitch,24125
agua,sandwitch,33574
jugo,ponque,17911
agua-saborisada,sandwitch,35716
agua,papas,38648
leche,ponque,34544
agua-saborisada,ponque,24194
leche,ponque,17591
agua,papas,32987
leche,sandwitch,19477
leche,ponque,32560
agua,sandwitch,19278
jugo,ponque,21596
leche,sandwitch,32164
agua,sandwitch,33993
agua,sandwitch,29877
jugo,sandwitch,33652
agua,papas,25308
agua,sandwitch,29183
agua,sandwitch,17515
agua,sandwitch,19240
agua-saborisada,sandwitch,29664
agua,sandwitch,30177
leche,ponque,37030
agua-saborisada,ponque,22642
jugo,sandwitch,17189
leche,papas,31166
agua-saborisada,sandwitch,39356
agua,sandwitch,25605
jugo,papas,28423
agua,ponque,18810
agua-saborisada,ponque,35857
jugo,sandwitch,18775
jugo,ponque,37371
leche,papas,20358
agua,sandwitch,17841
jugo,papas,32458
leche,papas,17335
jugo,sandwitch,38066
agua,sandwitch,16509
jugo,ponque,19660
agua-saborisada,sandwitch,36446
jugo,ponque,26310
leche,papas,22159
jugo,sandwitch,36197
jugo,papas,38907
leche,sandwitch,22520
jugo,sandwitch,21992
agua,papas,25721
leche,ponque,32826
jugo,sandwitch,31180
jugo,papas,25452
agua,ponque,28902
jugo,sandwitch,23160
jugo,papas,39110
agua,sandwitch,28529
agua-saborisada,papas,27815
leche,papas,36222
agua-saborisada,sandwitch,29767
agua,ponque,33657
agua,sandwitch,24222
agua-saborisada,papas,16662
jugo,papas,30214
agua-saborisada,papas,36829
agua,ponque,27281
agua,ponque,32422
leche,ponque,34086
leche,papas,32564
agua,sandwitch,39696
agua,papas,29827
agua-saborisada,sandwitch,23591
jugo,papas,34785
jugo,ponque,25097
leche,ponque,21891
agua,ponque,28386
agua,sandwitch,21511
leche,ponque,24634
jugo,ponque,39171
jugo,sandwitch,19199
agua,ponque,20969
leche,ponque,36818
agua,sandwitch,17121
agua,papas,17117
leche,papas,27827
leche,sandwitch,25364
agua,papas,27636
agua,papas,15470
leche,sandwitch,36801
jugo,papas,33424
agua,ponque,36634
agua,papas,39739
jugo,sandwitch,21203
leche,papas,21732
leche,papas,28478
agua-saborisada,papas,24155
agua,papas,22556
jugo,sandwitch,30715
agua-saborisada,papas,20376
leche,ponque,39022
leche,sandwitch,38157
agua-saborisada,ponque,38283
agua,sandwitch,27766
leche,papas,26090
agua,sandwitch,19539
agua,sandwitch,31495
agua-saborisada,papas,33300
jugo,ponque,37140
agua,ponque,39521
agua,papas,28794
leche,ponque,17867
agua-saborisada,papas,39748
agua,ponque,21782
leche,ponque,20915
agua-saborisada,sandwitch,18320
agua,ponque,33310
jugo,papas,36842
agua,sandwitch,21801
jugo,sandwitch,16870
leche,ponque,21317
agua-saborisada,sandwitch,29153
leche,ponque,34721
jugo,ponque,31076
agua-saborisada,ponque,15563
jugo,ponque,23080
jugo,sandwitch,16676
agua,sandwitch,24219
agua,ponque,30318
jugo,sandwitch,37170
jugo,sandwitch,28182
agua-saborisada,papas,26919
agua,papas,28086
agua-saborisada,sandwitch,15015
agua-saborisada,ponque,18524
agua,papas,33456
leche,papas,24866
jugo,ponque,27191
leche,sandwitch,35253
leche,ponque,19325
jugo,papas,27642
leche,papas,35404
jugo,ponque,27044
leche,sandwitch,19440
leche,papas,31317
leche,sandwitch,30120
agua,sandwitch,31145
leche,ponque,28832
agua-saborisada,sandwitch,19011
leche,ponque,23888
agua-saborisada,ponque,35954
jugo,ponque,35898
agua-saborisada,sandwitch,34470
agua-saborisada,papas,35023
jugo,papas,34962
jugo,ponque,28674
agua,papas,23265
agua,papas,35920
leche,papas,23742
leche,ponque,37632
leche,papas,21510
agua-saborisada,papas,32586
agua,papas,28227
jugo,sandwitch,31496
jugo,papas,37636
agua,ponque,20947
agua,sandwitch,22326
leche,papas,37091
leche,ponque,33608
leche,ponque,30107
jugo,sandwitch,26952
leche,ponque,25675
jugo,papas,23653
agua-saborisada,papas,20908
agua-saborisada,ponque,27187
leche,ponque,39906
leche,sandwitch,17824
jugo,sandwitch,19575
agua,sandwitch,34225
agua,sandwitch,31858
jugo,papas,32436
agua-saborisada,sandwitch,15408
agua,papas,30608
agua-saborisada,ponque,24494
agua,ponque,23715
agua-saborisada,papas,17269
leche,sandwitch,17656
agua-saborisada,ponque,35892
agua-saborisada,papas,33642
leche,sandwitch,33600
agua,sandwitch,18224
leche,sandwitch,38926
agua,ponque,30535
agua,sandwitch,30961
leche,papas,36804
agua-saborisada,sandwitch,29261
leche,papas,27770
agua-saborisada,sandwitch,17408
agua,papas,25190
agua,sandwitch,32994
agua-saborisada,sandwitch,23638
jugo,papas,20362
leche,ponque,15328
jugo,ponque,38177
agua-saborisada,sandwitch,16896
jugo,sandwitch,34318
leche,ponque,15223
jugo,sandwitch,32679
leche,ponque,35509
agua,sandwitch,19678
agua,papas,31858
jugo,ponque,25262
jugo,papas,17132
agua-saborisada,ponque,18892
agua-saborisada,ponque,33826
jugo,ponque,19941
leche,sandwitch,37384
agua,ponque,17646
jugo,sandwitch,33668
leche,papas,34614
agua-saborisada,ponque,35185
jugo,papas,28056
leche,ponque,22301
agua-saborisada,papas,29875
leche,ponque,38961
leche,sandwitch,39690
agua-saborisada,ponque,24481
agua-saborisada,sandwitch,20069
agua-saborisada,sandwitch,33155
jugo,ponque,25539
jugo,papas,16880
jugo,sandwitch,28671
agua-saborisada,sandwitch,34064
agua,papas,39438
jugo,sandwitch,23065
leche,ponque,21240
jugo,papas,18733
agua-saborisada,sandwitch,34936
agua-saborisada,ponque,31314
leche,ponque,28462
agua,sandwitch,37200
jugo,ponque,31016
agua-saborisada,ponque,28993
agua,ponque,22857
leche,papas,22451
agua,sandwitch,24915
agua-saborisada,sandwitch,19215
agua-saborisada,papas,35655
leche,papas,33579
leche,papas,22162
agua,sandwitch,37701
agua,ponque,27596
agua-saborisada,sandwitch,39036
agua-saborisada,papas,33475
agua,ponque,39135
jugo,sandwitch,19966
agua-saborisada,sandwitch,30189
leche,ponque,16056
agua-saborisada,ponque,28023
jugo,sandwitch,18709
agua-saborisada,ponque,20207
agua,ponque,29939
leche,papas,39703
leche,ponque,34141
jugo,sandwitch,26506
agua-saborisada,papas,31949
agua,ponque,28587
leche,sandwitch,26894
agua-saborisada,sandwitch,25730
agua,ponque,22085
agua-saborisada,papas,34507
jugo,sandwitch,21944
agua,ponque,37356
leche,sandwitch,28196
agua,ponque,34229
jugo,papas,37252
agua-saborisada,ponque,24169
jugo,ponque,39231
agua-saborisada,ponque,19293
leche,papas,32707
leche,sandwitch,18540
leche,ponque,15884
leche,papas,28858
jugo,papas,37634
leche,ponque,30177
agua-saborisada,papas,22539
leche,sandwitch,22855
leche,ponque,23521
agua,papas,33922
agua-saborisada,sandwitch,19492
leche,ponque,35975
jugo,papas,38912
agua-saborisada,papas,15949
jugo,papas,28311
agua,ponque,38546
agua-saborisada,sandwitch,17537
agua-saborisada,ponque,19552
jugo,sandwitch,19090
jugo,ponque,19541
jugo,ponque,20991
agua-saborisada,sandwitch,25472
jugo,papas,20656
agua-saborisada,sandwitch,18305
jugo,sandwitch,35965
jugo,sandwitch,23123
jugo,papas,20754
agua-saborisada,sandwitch,33398
agua,papas,27273
agua-saborisada,papas,24165
agua,papas,31984
agua,ponque,34640
jugo,sandwitch,25429
jugo,ponque,36571
agua,ponque,35684
agua-saborisada,papas,15185
leche,ponque,39654
agua-saborisada,ponque,31067
agua,papas,21372
agua-saborisada,sandwitch,32048
agua,ponque,21965
leche,ponque,28920
agua-saborisada,papas,16099
jugo,papas,26233
agua-saborisada,papas,15719
agua,ponque,25025
leche,ponque,21454
jugo,sandwitch,21998
leche,sandwitch,39765
agua-saborisada,ponque,33770
jugo,sandwitch,25975
leche,sandwitch,35101
jugo,sandwitch,38404
agua-saborisada,sandwitch,18527
jugo,ponque,15581
leche,papas,36123
agua-saborisada,sandwitch,30877
jugo,sandwitch,17342
leche,papas,26287
leche,sandwitch,38009
agua-saborisada,sandwitch,22290
jugo,sandwitch,19173
agua-saborisada,sandwitch,32510
jugo,papas,34194
jugo,sandwitch,25168
jugo,papas,18833
leche,papas,35884
agua,papas,31731
leche,papas,15386
agua,sandwitch,39184
agua,papas,29165
jugo,ponque,26691
jugo,sandwitch,15633
leche,ponque,25705
jugo,sandwitch,25674
jugo,papas,39240
leche,ponque,22177
jugo,papas,22626
agua-saborisada,ponque,23809
leche,papas,31120
leche,sandwitch,20566
agua-saborisada,ponque,29354
jugo,ponque,33087
agua-saborisada,papas,25205
agua-saborisada,ponque,24390
agua,ponque,15709
leche,sandwitch,23527
leche,sandwitch,33012
jugo,sandwitch,39858
leche,sandwitch,19268
jugo,papas,28258
agua-saborisada,sandwitch,21372
leche,sandwitch,21792
jugo,ponque,20836
agua-saborisada,sandwitch,24090
agua-saborisada,papas,21156
jugo,ponque,29638
agua-saborisada,sandwitch,31535
agua-saborisada,ponque,16938
agua,sandwitch,38888
agua,sandwitch,38517
agua,sandwitch,18088
leche,ponque,20686
leche,sandwitch,30427
jugo,papas,19063
leche,papas,30755
leche,ponque,24349
agua-saborisada,papas,18616
agua,sandwitch,39192
agua,sandwitch,28893
agua,sandwitch,27396
jugo,papas,20618
leche,ponque,17213
agua,papas,39888
agua-saborisada,sandwitch,16748
agua,ponque,18463
leche,ponque,34323
jugo,sandwitch,26110
agua-saborisada,ponque,38946
agua,papas,38046
agua-saborisada,ponque,32250
agua-saborisada,ponque,22308
agua-saborisada,papas,22926
agua,sandwitch,29150
agua,sandwitch,31922
leche,sandwitch,35307
jugo,papas,36373
leche,papas,34806
agua,sandwitch,17351
agua-saborisada,sandwitch,30669
leche,sandwitch,20116
agua,ponque,20691
leche,papas,29000
agua-saborisada,papas,20032
agua,sandwitch,24987
agua-saborisada,sandwitch,19840
agua-saborisada,papas,17609
agua,papas,22537
agua,papas,29491
agua,ponque,21805
leche,papas,18823
leche,papas,28322
leche,ponque,29087
jugo,papas,19021
jugo,ponque,31756
agua,ponque,32642
jugo,ponque,18111
agua,sandwitch,30109
agua-saborisada,ponque,18692
leche,ponque,31728
jugo,ponque,24625
agua,ponque,36267
agua,sandwitch,22919
agua,sandwitch,37052
agua-saborisada,papas,34965
agua,sandwitch,25579
agua-saborisada,sandwitch,15577
leche,papas,30090
leche,ponque,36187
leche,sandwitch,23810
jugo,ponque,38757
agua,sandwitch,22732
jugo,ponque,26058
jugo,papas,29976
agua-saborisada,ponque,32590
jugo,ponque,29244
jugo,papas,35146
jugo,papas,32430
jugo,papas,35150
agua-saborisada,papas,28770
jugo,papas,29824
leche,ponque,15381
leche,sandwitch,34374
leche,ponque,36106
jugo,ponque,18727
jugo,papas,26543
agua,sandwitch,15795
agua-saborisada,ponque,28141
agua,papas,26048
agua,ponque,36901
agua-saborisada,ponque,21737
agua-saborisada,papas,22327
leche,papas,29623
jugo,sandwitch,20214
agua-saborisada,ponque,19507
agua-saborisada,papas,28955
agua,sandwitch,18145
leche,papas,17291
jugo,ponque,20518
jugo,papas,27201
agua-saborisada,papas,19459
leche,papas,39003
agua,sandwitch,34926
agua-saborisada,papas,16844
leche,ponque,29837
agua,ponque,18174
agua-saborisada,sandwitch,20146
jugo,papas,25085
agua-saborisada,papas,24355
jugo,papas,29028
agua,sandwitch,31623
agua-saborisada,papas,28816
leche,ponque,33763
agua,papas,18981
leche,ponque,35895
agua-saborisada,papas,21876
agua,ponque,22030
agua,papas,31971
leche,sandwitch,15665
leche,sandwitch,20227
jugo,sandwitch,15386
agua,papas,38173
jugo,papas,30420
leche,ponque,26991
jugo,sandwitch,32159
agua,ponque,34792
leche,sandwitch,20668
leche,papas,21564
leche,papas,33826
agua,ponque,34644
leche,papas,15033
leche,ponque,19044
leche,ponque,21522
jugo,sandwitch,30234
leche,ponque,25560
agua-saborisada,sandwitch,15209
agua,ponque,21910
agua,papas,18108
leche,ponque,16980
jugo,ponque,35244
jugo,sandwitch,19314
leche,sandwitch,32046
agua-saborisada,ponque,15122
jugo,sandwitch,38113
agua,sandwitch,36334
agua,ponque,27026
agua-saborisada,ponque,34792
agua,papas,23074
agua-saborisada,papas,26391
agua,papas,36848
agua,sandwitch,32517
agua,sandwitch,16801
jugo,papas,28851
agua-saborisada,sandwitch,37956
jugo,papas,34678
leche,sandwitch,33019
jugo,papas,19024
agua,papas,35953
agua,ponque,32716
agua,sandwitch,27650
agua-saborisada,sandwitch,29913
agua-saborisada,papas,26303
jugo,sandwitch,32365
agua-saborisada,papas,30379
jugo,ponque,16252
leche,sandwitch,35158
leche,sandwitch,28652
agua-saborisada,sandwitch,16916
agua-saborisada,ponque,38556
agua,papas,28674
leche,papas,26761
leche,sandwitch,31474
agua-saborisada,ponque,39524
agua,ponque,36529
jugo,papas,23544
leche,sandwitch,18437
agua-saborisada,sandwitch,34846
jugo,ponque,15183
agua-saborisada,papas,38693
agua,ponque,39598
agua,ponque,30279
agua-saborisada,ponque,26827
leche,ponque,30866
agua,sandwitch,15188
leche,ponque,32866
agua,ponque,29504
jugo,sandwitch,22957
agua-saborisada,papas,28662
leche,ponque,25673
agua-saborisada,ponque,38011
leche,papas,28821
jugo,sandwitch,32303
leche,ponque,21895
jugo,ponque,22784
leche,ponque,30844
agua-saborisada,sandwitch,21364
leche,sandwitch,36443
agua,papas,18565
agua-saborisada,sandwitch,15802
leche,papas,21608
agua,sandwitch,20271
jugo,papas,19877
jugo,ponque,24589
leche,papas,24859
leche,ponque,30683
agua-saborisada,ponque,24657
leche,papas,16436
leche,sandwitch,22234
leche,ponque,27108
agua-saborisada,papas,33431
jugo,sandwitch,23671
agua-saborisada,ponque,31410
jugo,sandwitch,25569
jugo,papas,28296
jugo,sandwitch,30818
jugo,ponque,33654
jugo,ponque,33825
agua,ponque,35914
agua,sandwitch,25009
leche,ponque,35592
agua,ponque,24917
agua,ponque,30869
agua,sandwitch,39534
leche,papas,37644
agua,sandwitch,21185
jugo,ponque,24438
jugo,ponque,17589
agua,papas,18691
agua,ponque,17071
agua,ponque,17935
jugo,sandwitch,34782
leche,papas,18929
agua,sandwitch,19449
jugo,ponque,19671
agua,papas,39685
agua-saborisada,sandwitch,17632
agua,papas,18287
jugo,papas,33872
jugo,sandwitch,31315
agua,sandwitch,35553
agua,sandwitch,29446
agua,papas,31763
agua,papas,25938
jugo,papas,31420
jugo,papas,36037
leche,ponque,22958
agua-saborisada,sandwitch,39409
agua,sandwitch,16349
agua-saborisada,papas,37293
leche,ponque,17582
agua-saborisada,sandwitch,19258
agua,sandwitch,22385
agua-saborisada,ponque,29764
leche,sandwitch,19688
agua,ponque,30987
agua,ponque,20759
agua-saborisada,sandwitch,34663
jugo,ponque,33243
leche,papas,27897
agua,papas,39776
agua-saborisada,papas,32434
jugo,sandwitch,39303
agua-saborisada,ponque,27464
agua,sandwitch,30359
agua-saborisada,sandwitch,24982
agua-saborisada,papas,33670
agua-saborisada,sandwitch,26210
agua,papas,34725
agua,sandwitch,18876
leche,ponque,17434
leche,papas,21027
agua-saborisada,papas,25543
agua,ponque,25307
agua,ponque,35819
jugo,sandwitch,17648
leche,ponque,26106
jugo,ponque,38380
agua,sandwitch,32211
jugo,papas,17720
agua-saborisada,ponque,39892
agua-saborisada,papas,33342
agua,ponque,29790
jugo,papas,36730
jugo,papas,38681
jugo,papas,19265
leche,papas,28408
leche,sandwitch,36075
agua,sandwitch,19782
jugo,sandwitch,26787
agua-saborisada,ponque,30852
leche,papas,18173
leche,sandwitch,20725
agua-saborisada,sandwitch,26460
jugo,papas,24352
leche,ponque,17856
agua-saborisada,sandwitch,16837
agua-saborisada,sandwitch,25285
agua,ponque,21872
jugo,ponque,37734
leche,papas,35465
jugo,ponque,15945
jugo,papas,23437
agua-saborisada,sandwitch,36639
jugo,papas,24798
leche,papas,25733
leche,papas,29654
leche,papas,27390
leche,sandwitch,24867
agua,ponque,33317
leche,papas,17780
jugo,papas,16128
agua-saborisada,papas,32201
leche,papas,17155
jugo,papas,34711
leche,ponque,31380
jugo,ponque,18785
jugo,sandwitch,23752
agua-saborisada,sandwitch,30524
agua,sandwitch,37183
agua-saborisada,sandwitch,23654
agua,sandwitch,37258
jugo,sandwitch,36327
leche,sandwitch,37926
agua,sandwitch,16186
agua-saborisada,sandwitch,33519
agua,ponque,37262
leche,ponque,20636
agua,ponque,18716
agua,sandwitch,34341
leche,sandwitch,21531
agua,ponque,30028
jugo,sandwitch,24321
agua,ponque,27699
jugo,sandwitch,38060
agua-saborisada,ponque,37871
agua-saborisada,ponque,35980
jugo,papas,23634
jugo,ponque,16830
agua-saborisada,sandwitch,20352
leche,sandwitch,37069
agua,papas,30031
jugo,sandwitch,39408
jugo,ponque,35397
leche,ponque,37098
agua,ponque,23039
agua,sandwitch,36716
agua,papas,34733
leche,sandwitch,35320
agua,ponque,24117
agua,ponque,22525
leche,papas,35651
agua,sandwitch,22486
jugo,papas,19284
agua,sandwitch,27082
agua-saborisada,ponque,15022
leche,sandwitch,37067
agua,sandwitch,19750
jugo,ponque,16894
agua-saborisada,sandwitch,25096
jugo,papas,16730
leche,papas,35013
jugo,papas,28773
jugo,ponque,16243
leche,ponque,38301
agua,papas,17927
leche,sandwitch,18258
agua,sandwitch,16353
agua-saborisada,sandwitch,22354
agua,ponque,33962
agua,ponque,16176
leche,sandwitch,31484
agua-saborisada,sandwitch,32871
jugo,sandwitch,30173
leche,papas,39703
leche,ponque,24985
leche,ponque,21963
agua,ponque,24497
agua,ponque,21091
jugo,papas,39138
agua,papas,16001
agua,ponque,15304
leche,sandwitch,23531
leche,papas,27263
jugo,ponque,37750
jugo,sandwitch,18296
jugo,sandwitch,36489
agua-saborisada,sandwitch,32808
jugo,ponque,21909
jugo,sandwitch,39524
jugo,ponque,29441
agua,ponque,39417
leche,papas,28404
agua,ponque,20839
leche,ponque,16719
jugo,ponque,25488
leche,sandwitch,35151
agua-saborisada,ponque,36116
leche,papas,33551
jugo,sandwitch,28794
agua,ponque,29432
agua,ponque,37438
agua,papas,29436
jugo,papas,21977
jugo,papas,32584
leche,papas,16494
agua-saborisada,sandwitch,39378
agua,sandwitch,32242
leche,papas,27265
jugo,ponque,35515
jugo,sandwitch,39369
leche,papas,16876
agua-saborisada,ponque,33901
agua-saborisada,ponque,25284
agua,ponque,33449
agua-saborisada,sandwitch,37795
jugo,papas,15874
agua-saborisada,ponque,22164
agua,papas,29994
agua-saborisada,papas,22178
agua,sandwitch,17362
jugo,papas,19510
agua,papas,17566
leche,sandwitch,17003
agua,papas,25696
agua-saborisada,ponque,35891
jugo,papas,26634
agua-saborisada,sandwitch,22743
agua,sandwitch,31686
agua,ponque,23353
agua,papas,27468
agua,papas,22639
agua-saborisada,papas,22877
leche,sandwitch,31511
agua-saborisada,papas,34710
agua-saborisada,papas,26933
leche,sandwitch,32100
leche,ponque,24774
jugo,sandwitch,39315
leche,papas,34588
agua-saborisada,sandwitch,32417
agua-saborisada,sandwitch,15852
leche,ponque,37334
leche,ponque,32999
agua,ponque,28533
agua-saborisada,ponque,29409
agua-saborisada,sandwitch,17870
leche,sandwitch,22215
jugo,sandwitch,21946
agua,sandwitch,25944
agua,papas,20376
agua-saborisada,papas,24284
agua-saborisada,ponque,27170
agua,ponque,30889
leche,papas,36575
leche,sandwitch,37083
leche,ponque,26543
agua-saborisada,ponque,35254
agua,papas,18870
agua-saborisada,ponque,29615
agua-saborisada,papas,18766
agua,papas,22789
agua,papas,25947
agua,sandwitch,32170
leche,ponque,16272
agua,ponque,19206
agua,ponque,30660
leche,sandwitch,17750
agua-saborisada,papas,27716
leche,ponque,38670
jugo,sandwitch,36047
agua-saborisada,papas,20710
jugo,sandwitch,21932
agua,ponque,17483
agua,ponque,29212
agua-saborisada,sandwitch,20168
agua-saborisada,papas,31523
leche,ponque,38639
jugo,papas,22770
agua-saborisada,sandwitch,38547
leche,ponque,31977
leche,sandwitch,15465
agua,sandwitch,38887
agua,ponque,32400
agua,ponque,33423
agua,papas,24452
agua,ponque,20306
leche,ponque,17121
leche,sandwitch,19032
agua-saborisada,sandwitch,27029
agua,papas,33047
agua-saborisada,ponque,24030
jugo,ponque,26665
jugo,ponque,31007
agua,ponque,18381
leche,ponque,16808
leche,ponque,35674
jugo,ponque,36739
agua-saborisada,sandwitch,21909
jugo,ponque,24233
agua-saborisada,sandwitch,18224
agua-saborisada,ponque,27139
agua-saborisada,papas,18370
agua,sandwitch,37592
agua,ponque,17280
agua-saborisada,sandwitch,28061
agua-saborisada,ponque,22398
leche,papas,34055
agua-saborisada,ponque,38803
leche,sandwitch,22789
leche,papas,20644
agua-saborisada,papas,39444
leche,sandwitch,15445
agua-saborisada,ponque,27431
leche,papas,18721
leche,papas,30770
leche,sandwitch,35535
agua-saborisada,papas,36108
agua,ponque,28057
agua,papas,28643
agua-saborisada,papas,37854
leche,sandwitch,30334
agua-saborisada,papas,39108
agua-saborisada,sandwitch,26488
leche,sandwitch,29473
jugo,sandwitch,36640
agua,ponque,27441
agua,papas,22861
jugo,papas,38997
leche,sandwitch,15627
leche,papas,29272
leche,papas,26424
agua,ponque,26023
agua,ponque,27841
jugo,sandwitch,30852
jugo,papas,29573
jugo,sandwitch,30338
agua,papas,36851
agua-saborisada,papas,24209
leche,sandwitch,32433
agua,papas,18240
agua-saborisada,sandwitch,16620
jugo,sandwitch,24710
agua-saborisada,papas,17173
agua,papas,34644
leche,papas,35436
jugo,sandwitch,34441
agua,ponque,15254
agua,ponque,23451
agua-saborisada,sandwitch,36405
agua-saborisada,sandwitch,18779
agua-saborisada,papas,38236
jugo,ponque,28448
agua-saborisada,papas,21901
jugo,papas,20200
agua,sandwitch,24397
agua-saborisada,papas,25804
leche,papas,35977
agua-saborisada,sandwitch,23912
agua-saborisada,sandwitch,19148
agua,papas,36212
jugo,papas,15259
agua-saborisada,sandwitch,38026
agua-saborisada,papas,21495
jugo,sandwitch,22712
agua-saborisada,sandwitch,35966
agua,ponque,28421
leche,sandwitch,31626
agua-saborisada,sandwitch,27274
agua-saborisada,sandwitch,22714
agua-saborisada,sandwitch,35351
leche,sandwitch,33060
jugo,papas,18233
agua-saborisada,ponque,25857
leche,papas,24183
agua,papas,23249
jugo,papas,28175
jugo,sandwitch,30876
jugo,sandwitch,23220
leche,sandwitch,21144
agua-saborisada,papas,26444
agua,ponque,32844
agua-saborisada,sandwitch,27063
jugo,sandwitch,18082
agua,sandwitch,29125
jugo,papas,35441
jugo,ponque,23950
agua,ponque,33631
agua-saborisada,papas,30219
leche,papas,15273
agua-saborisada,papas,20540
jugo,papas,35145
leche,sandwitch,22976
jugo,papas,21809
leche,ponque,32500
agua-saborisada,ponque,25739
jugo,ponque,33122
agua-saborisada,sandwitch,24406
jugo,ponque,34058
leche,papas,37219
agua,ponque,36551
agua,ponque,36622
leche,sandwitch,29164
agua-saborisada,ponque,23774
agua-saborisada,ponque,22441
agua,sandwitch,28570
leche,papas,37901
agua,papas,23669
leche,sandwitch,29839
agua,ponque,20727
jugo,ponque,25140
leche,ponque,28637
jugo,sandwitch,16362
agua-saborisada,ponque,22944
agua,sandwitch,23945
leche,papas,31298
agua-saborisada,papas,18167
leche,papas,25870
jugo,sandwitch,17518
agua-saborisada,sandwitch,22591
jugo,ponque,15008
jugo,papas,26769
leche,papas,29593
agua-saborisada,ponque,28294
agua-saborisada,papas,21378
leche,sandwitch,29108
jugo,sandwitch,31895
agua-saborisada,ponque,37682
leche,ponque,29465
agua,sandwitch,35481
agua-saborisada,papas,33794
agua,sandwitch,32127
agua-saborisada,sandwitch,32852
leche,ponque,25468
agua-saborisada,papas,36580
jugo,sandwitch,35079
leche,ponque,27492
agua-saborisada,papas,19406
jugo,papas,38900
agua,sandwitch,24192
leche,ponque,21898
agua,papas,24081
agua,ponque,19701
agua,sandwitch,34811
agua-saborisada,ponque,36413
jugo,ponque,34300
agua-saborisada,ponque,29921
jugo,papas,32507
leche,ponque,16377
agua,papas,30302
leche,sandwitch,39595
agua-saborisada,papas,35751
jugo,ponque,39780
jugo,papas,34154
leche,sandwitch,23952
agua-saborisada,papas,32907
jugo,sandwitch,29090
agua-saborisada,papas,32150
agua,ponque,18352
agua,sandwitch,16154
jugo,ponque,28117
leche,papas,31499
leche,ponque,23172
agua,papas,23580
leche,sandwitch,25777
leche,sandwitch,19207
agua,ponque,20142
leche,papas,35731
leche,ponque,22473
agua-saborisada,papas,39616
agua-saborisada,sandwitch,37805
leche,sandwitch,18376
agua,sandwitch,19060
agua-saborisada,sandwitch,32754
leche,ponque,27308
leche,sandwitch,38643
jugo,papas,25950
agua-saborisada,sandwitch,22703
jugo,papas,16012
agua-saborisada,ponque,39162
agua,papas,34409
agua-saborisada,papas,18681
jugo,ponque,38662
jugo,ponque,37514
jugo,ponque,20312
agua-saborisada,ponque,30782
agua,ponque,20990
jugo,sandwitch,37353
jugo,ponque,15674
leche,papas,25763
jugo,ponque,35910
agua,papas,37611
leche,ponque,30479
leche,sandwitch,20244
jugo,ponque,16771
agua-saborisada,sandwitch,25840
leche,ponque,26959
agua-saborisada,papas,36620
leche,sandwitch,21535
agua-saborisada,sandwitch,33533
jugo,papas,28356
agua-saborisada,sandwitch,23558
leche,ponque,26898
jugo,sandwitch,39048
agua-saborisada,papas,26562
leche,ponque,34790
agua-saborisada,ponque,30270
jugo,ponque,33281
jugo,papas,21830
agua,ponque,28480
jugo,papas,24733
agua-saborisada,ponque,26074
agua-saborisada,ponque,39374
leche,sandwitch,29910
jugo,sandwitch,27516
leche,papas,29470
agua-saborisada,sandwitch,36013
jugo,ponque,32838
agua-saborisada,ponque,24102
leche,sandwitch,31420
agua,sandwitch,32431
agua-saborisada,sandwitch,22760
leche,papas,24384
agua-saborisada,ponque,20404
agua-saborisada,sandwitch,32217
agua,papas,15159
leche,ponque,26212
jugo,ponque,22227
agua-saborisada,sandwitch,32784
agua-saborisada,sandwitch,19257
leche,ponque,37018
jugo,sandwitch,37149
jugo,ponque,18774
agua-saborisada,ponque,33130
jugo,papas,28087
agua,ponque,17275
agua,ponque,32657
agua-saborisada,ponque,36522
agua-saborisada,sandwitch,28190
leche,papas,35341
agua,papas,17420
jugo,papas,23595
leche,sandwitch,29866
agua-saborisada,sandwitch,36260
agua,ponque,30986
agua-saborisada,papas,27294
agua,ponque,33169
agua-saborisada,sandwitch,16947
agua,papas,27797
jugo,sandwitch,37155
leche,ponque,34203
agua-saborisada,ponque,34506
agua-saborisada,papas,26824
agua-saborisada,papas,21160
agua,ponque,22852
jugo,ponque,37017
agua,ponque,19990
leche,sandwitch,18141
agua-saborisada,ponque,30628
jugo,ponque,20409
agua,papas,27095
leche,sandwitch,36706
agua-saborisada,sandwitch,37321
jugo,ponque,39033
agua,papas,28625
agua-saborisada,sandwitch,29993
agua,ponque,25040
jugo,ponque,35046
jugo,sandwitch,27720
jugo,papas,26597
leche,ponque,27489
agua-saborisada,sandwitch,20151
jugo,sandwitch,30682
jugo,sandwitch,33334
jugo,ponque,21829
agua,papas,29368
leche,papas,38628
agua,papas,21668
agua-saborisada,papas,35720
leche,papas,29150
agua,ponque,33312
leche,papas,21678
jugo,sandwitch,31668
agua-saborisada,sandwitch,27878
agua-saborisada,papas,21085
jugo,ponque,36146
agua,ponque,23878
jugo,ponque,25991
leche,sandwitch,32252
agua,sandwitch,26701
agua,papas,25476
leche,ponque,16969
jugo,papas,30097
agua-saborisada,ponque,31007
jugo,papas,24463
jugo,sandwitch,36682
jugo,sandwitch,23159
leche,papas,31764
jugo,papas,38538
jugo,papas,24421
leche,papas,23223
agua,ponque,16256
agua-saborisada,papas,37641
jugo,ponque,22046
leche,sandwitch,37797
agua,sandwitch,22620
agua,papas,36989
agua,papas,20600
jugo,papas,17872
agua-saborisada,sandwitch,36628
agua,sandwitch,19781
agua,ponque,29154
jugo,papas,21708
agua,ponque,25547
jugo,sandwitch,32764
agua,sandwitch,28323
jugo,ponque,24112
jugo,papas,27158
leche,ponque,28277
agua-saborisada,papas,34864
leche,sandwitch,19851
jugo,sandwitch,36662
leche,sandwitch,32982
jugo,sandwitch,33165
jugo,sandwitch,37742
jugo,sandwitch,17879
agua-saborisada,papas,38260
jugo,sandwitch,24913
agua-saborisada,sandwitch,21380
agua-saborisada,sandwitch,38366
agua,sandwitch,35654
jugo,papas,23646
leche,sandwitch,38153
jugo,papas,15216
agua-saborisada,papas,35414
agua-saborisada,papas,19896
agua-saborisada,papas,16073
agua,papas,24997
leche,ponque,28536
jugo,ponque,34910
jugo,papas,31787
jugo,ponque,38389
agua-saborisada,ponque,28734
jugo,papas,28711
agua,sandwitch,27148
agua,sandwitch,26716
agua-saborisada,sandwitch,20383
agua-saborisada,sandwitch,25021
agua,sandwitch,26817
jugo,papas,16058
agua-saborisada,papas,32910
agua,papas,33370
agua-saborisada,ponque,20643
agua-saborisada,ponque,31698
agua,papas,33051
agua-saborisada,papas,27361
agua-saborisada,ponque,22441
agua,papas,18900
agua-saborisada,papas,39566
leche,papas,37105
agua,papas,26093
agua-saborisada,ponque,29333
leche,sandwitch,22564
leche,sandwitch,18082
agua,papas,31662
leche,sandwitch,22242
jugo,ponque,18073
agua-saborisada,ponque,36170
leche,papas,16156
jugo,sandwitch,29966
agua,papas,37719
agua,papas,25587
agua-saborisada,ponque,28918
jugo,papas,20954
jugo,ponque,22560
jugo,papas,30315
agua,ponque,33577
agua-saborisada,sandwitch,33644
jugo,papas,17465
jugo,sandwitch,15564
jugo,sandwitch,15227
leche,sandwitch,25386
agua,ponque,22139
jugo,ponque,39932
jugo,papas,17560
leche,ponque,31135
leche,sandwitch,20668
jugo,ponque,30257
leche,papas,34884
agua-saborisada,sandwitch,33517
agua-saborisada,sandwitch,31262
agua-saborisada,ponque,39621
agua-saborisada,papas,18535
jugo,ponque,22917
leche,papas,33005
agua-saborisada,papas,23400
leche,papas,28720
agua-saborisada,sandwitch,19899
leche,sandwitch,32966
agua,papas,31815
agua-saborisada,sandwitch,33422
jugo,papas,17503
leche,sandwitch,18367
agua,ponque,26054
agua-saborisada,papas,16420
agua,ponque,23435
jugo,sandwitch,24217
leche,ponque,22144
leche,sandwitch,29121
agua,ponque,15106
agua-saborisada,papas,23786
jugo,sandwitch,25999
jugo,ponque,37680
leche,papas,15646
agua,ponque,23879
jugo,sandwitch,29283
jugo,ponque,21648
agua-saborisada,ponque,16457
agua-saborisada,papas,35965
agua,papas,21932
leche,sandwitch,28552
leche,sandwitch,28537
agua-saborisada,ponque,24780
agua,papas,33768
agua-saborisada,ponque,19185
jugo,sandwitch,20656
jugo,papas,19593
agua-saborisada,papas,30512
agua,ponque,22932
jugo,papas,25501
agua,sandwitch,25693
leche,papas,37168
agua-saborisada,ponque,17353
leche,sandwitch,32309
agua-saborisada,sandwitch,21748
agua-saborisada,papas,17638
jugo,ponque,17290
leche,ponque,18745
jugo,papas,39785
agua,ponque,32421
jugo,papas,36746
agua-saborisada,sandwitch,37541
agua,sandwitch,25030
leche,sandwitch,38258
agua-saborisada,ponque,31882
agua,sandwitch,24363
leche,sandwitch,24889
jugo,sandwitch,38817
leche,sandwitch,16757
jugo,ponque,21383
agua-saborisada,papas,21756
leche,sandwitch,18874
agua,sandwitch,19319
jugo,papas,19377
jugo,papas,38112
leche,sandwitch,18320
agua,ponque,15912
leche,papas,19023
leche,papas,33346
agua,ponque,20339
agua-saborisada,ponque,36274
leche,ponque,15759
leche,sandwitch,29476
agua-saborisada,ponque,38615
agua,sandwitch,27634
agua-saborisada,papas,31422
agua,ponque,24172
agua,ponque,17585
jugo,ponque,28930
agua-saborisada,ponque,32782
agua-saborisada,ponque,30315
agua-saborisada,papas,23608
agua-saborisada,papas,23104
jugo,papas,17246
agua,sandwitch,38156
leche,sandwitch,38712
agua-saborisada,ponque,30252
jugo,papas,15993
leche,sandwitch,21785
jugo,ponque,16033
agua-saborisada,ponque,38546
leche,sandwitch,25173
jugo,ponque,16429
agua,sandwitch,34141
agua-saborisada,ponque,22366
agua-saborisada,sandwitch,24772
leche,sandwitch,35785
jugo,sandwitch,27809
agua,papas,16522
agua,sandwitch,30455
agua-saborisada,ponque,16754
agua-saborisada,ponque,30617
agua-saborisada,sandwitch,23515
agua,papas,26887
agua-saborisada,ponque,33091
agua,papas,33832
leche,papas,31145
jugo,sandwitch,34330
agua,papas,34749
agua-saborisada,papas,15160
leche,papas,39860
leche,sandwitch,33666
leche,sandwitch,17736
leche,sandwitch,31393
leche,papas,27137
leche,ponque,18767
jugo,sandwitch,20303
agua,ponque,36840
agua,sandwitch,34329
agua-saborisada,papas,28168
jugo,sandwitch,35699
agua-saborisada,papas,16290
agua,papas,39638
jugo,sandwitch,39775
leche,papas,23369
agua,ponque,15773
agua,sandwitch,34905
jugo,papas,16532
agua,papas,28051
agua-saborisada,papas,27553
leche,papas,24854
jugo,papas,17060
jugo,ponque,20262
agua-saborisada,ponque,25288
agua-saborisada,ponque,17542
leche,ponque,25184
jugo,ponque,35503
leche,papas,35878
agua,papas,35452
jugo,papas,39863
agua-saborisada,papas,18620
agua-saborisada,ponque,20292
jugo,ponque,23843
jugo,ponque,20486
agua-saborisada,sandwitch,26472
agua,sandwitch,21209
agua-saborisada,sandwitch,25626
agua,papas,35925
agua-saborisada,ponque,29913
agua,ponque,21814
leche,ponque,33941
agua,sandwitch,29803
leche,papas,38404
agua-saborisada,sandwitch,24536
agua-saborisada,sandwitch,27162
leche,sandwitch,17780
agua,ponque,18850
leche,ponque,23334
leche,papas,16382
leche,ponque,23741
jugo,papas,34669
jugo,sandwitch,25662
jugo,sandwitch,26069
agua,ponque,31829
agua,papas,33826
agua,ponque,31208
jugo,sandwitch,39912
leche,papas,35627
agua,papas,20938
agua,sandwitch,25831
agua,sandwitch,38061
agua-saborisada,sandwitch,22185
agua,papas,26764
agua,ponque,24420
agua-saborisada,papas,32107
leche,ponque,24802
leche,sandwitch,21090
leche,ponque,38246
agua,papas,33320
jugo,sandwitch,18723
agua,papas,15974
agua-saborisada,papas,25967
agua,ponque,15396
agua-saborisada,sandwitch,23743
agua-saborisada,ponque,27409
jugo,ponque,18254
agua,ponque,18895
agua,sandwitch,18563
agua,sandwitch,18066
agua,sandwitch,28981
agua,ponque,35619
agua-saborisada,ponque,19193
leche,papas,20496
agua,papas,17378
jugo,ponque,17717
leche,sandwitch,39991
leche,ponque,29430
agua,papas,39858
leche,sandwitch,17146
jugo,sandwitch,23853
agua-saborisada,sandwitch,29192
jugo,ponque,22098
jugo,ponque,31546
leche,ponque,15251
agua,sandwitch,26820
jugo,sandwitch,37438
leche,ponque,29213
agua-saborisada,papas,37408
agua-saborisada,sandwitch,37326
agua,sandwitch,37089
leche,sandwitch,28784
agua-saborisada,ponque,37498
agua,papas,30487
agua-saborisada,papas,20757
agua,sandwitch,18826
jugo,ponque,18387
leche,ponque,23308
agua-saborisada,papas,17771
agua-saborisada,ponque,35145
agua-saborisada,papas,37275
leche,sandwitch,33529
agua,papas,16450
agua-saborisada,sandwitch,35474
jugo,papas,37721
jugo,papas,25164
agua-saborisada,sandwitch,16706
leche,sandwitch,26104
leche,ponque,34037
leche,ponque,16164
agua,sandwitch,22428
leche,papas,23019
jugo,papas,24621
jugo,ponque,31820
jugo,papas,36699
leche,sandwitch,37403
agua-saborisada,ponque,16463
agua,papas,23044
jugo,ponque,32884
leche,papas,31092
agua-saborisada,papas,17219
agua-saborisada,papas,32714
jugo,ponque,19693
jugo,ponque,34421
agua-saborisada,ponque,21490
agua-saborisada,papas,31546
agua,papas,15596
agua-saborisada,papas,22857
jugo,sandwitch,28488
jugo,ponque,16351
leche,ponque,24125
jugo,sandwitch,19700
agua-saborisada,sandwitch,19034
jugo,sandwitch,31240
agua-saborisada,ponque,15511
agua,sandwitch,37755
leche,papas,18225
leche,papas,23332
leche,ponque,38918
agua,papas,38915
agua-saborisada,sandwitch,22917
jugo,papas,22903
agua-saborisada,papas,24904
agua-saborisada,ponque,32499
agua-saborisada,papas,21186
agua-saborisada,papas,35115
agua-saborisada,sandwitch,16560
leche,sandwitch,29095
agua,papas,21264
agua-saborisada,ponque,20298
agua-saborisada,ponque,26025
jugo,sandwitch,24351
leche,papas,29539
agua,ponque,30242
jugo,papas,35449
agua-saborisada,sandwitch,26965
jugo,ponque,37266
agua-saborisada,sandwitch,22118
jugo,sandwitch,35475
agua-saborisada,ponque,35120
leche,sandwitch,16768
leche,ponque,20319
agua-saborisada,sandwitch,19970
agua-saborisada,sandwitch,35295
agua,ponque,24980
agua-saborisada,ponque,28502
agua-saborisada,ponque,33715
leche,ponque,25757
agua,papas,31533
agua,ponque,17805
agua-saborisada,papas,39535
leche,ponque,16319
agua-saborisada,papas,28149
leche,ponque,31883
jugo,papas,18883
agua-saborisada,ponque,36750
jugo,sandwitch,34110
agua,sandwitch,17920
agua,papas,37088
agua-saborisada,ponque,27283
agua-saborisada,ponque,18542
agua-saborisada,papas,35636
leche,papas,17236
jugo,ponque,34904
agua,sandwitch,31126
leche,ponque,22692
agua-saborisada,sandwitch,28291
jugo,ponque,15183
agua,sandwitch,15023
jugo,papas,35680
jugo,sandwitch,18148
agua-saborisada,sandwitch,19066
agua,ponque,31430
jugo,ponque,20882
agua,papas,31871
jugo,sandwitch,28949
leche,ponque,26256
leche,ponque,18850
agua,ponque,27208
agua,sandwitch,27378
agua-saborisada,sandwitch,20777
leche,papas,36461
agua,papas,35654
jugo,sandwitch,35680
agua,papas,15355
leche,ponque,19945
jugo,sandwitch,17581
jugo,sandwitch,26846
agua,sandwitch,16823
leche,ponque,39932
leche,papas,16630
leche,sandwitch,38739
agua,sandwitch,16615
jugo,ponque,32867
leche,papas,29920
jugo,ponque,22852
leche,papas,32255
leche,sandwitch,39072
agua,ponque,32914
jugo,papas,15291
leche,papas,27157
agua-saborisada,ponque,19754
agua-saborisada,ponque,39111
agua-saborisada,ponque,30002
agua-saborisada,ponque,17346
leche,papas,28421
agua-saborisada,sandwitch,30663
leche,sandwitch,20161
leche,ponque,24182
jugo,papas,16396
leche,papas,21765
agua,papas,30733
agua-saborisada,ponque,27234
agua-saborisada,ponque,24607
agua,ponque,19051
leche,sandwitch,32557
agua-saborisada,sandwitch,38182
agua-saborisada,sandwitch,24246
leche,ponque,35610
agua,papas,15502
leche,papas,22582
agua-saborisada,papas,18570
leche,sandwitch,23352
jugo,ponque,19980
agua,ponque,38598
agua-saborisada,ponque,26350
leche,sandwitch,30131
jugo,sandwitch,25839
jugo,papas,33250
jugo,ponque,36426
jugo,sandwitch,24904
agua,sandwitch,17652
agua,ponque,20970
agua,sandwitch,29611
leche,sandwitch,20836
leche,papas,36309
agua,ponque,34802
agua,sandwitch,18242
leche,ponque,25414
agua,papas,34080
jugo,sandwitch,26679
jugo,ponque,34134
agua,ponque,20391
jugo,ponque,35776
agua,papas,21037
leche,sandwitch,33586
agua,ponque,32543
agua,sandwitch,27055
jugo,papas,35071
agua,sandwitch,35454
agua-saborisada,ponque,20299
agua-saborisada,sandwitch,32545
jugo,ponque,31088
jugo,papas,35316
agua,ponque,36621
leche,papas,31538
leche,sandwitch,17103
jugo,sandwitch,17512
agua,ponque,34259
jugo,ponque,26619
leche,ponque,30866
agua-saborisada,papas,38853
agua-saborisada,papas,29595
leche,sandwitch,20934
leche,papas,30381
agua-saborisada,ponque,22650
agua,papas,23854
agua,papas,22214
jugo,ponque,23301
agua-saborisada,ponque,36880
leche,sandwitch,27148
leche,ponque,34263
leche,ponque,36607
agua,papas,26054
jugo,sandwitch,32997
agua-saborisada,sandwitch,23596
agua,papas,37775
agua,sandwitch,19020
jugo,sandwitch,28269
jugo,papas,34547
jugo,papas,32135
agua,papas,25092
jugo,ponque,25829
leche,sandwitch,35701
agua,ponque,25287
agua-saborisada,ponque,31622
jugo,ponque,23465
leche,papas,16494
agua-saborisada,papas,22340
agua,papas,15954
agua,ponque,38025
leche,ponque,31321
agua-saborisada,papas,25989
leche,papas,34132
agua,papas,30776
jugo,ponque,36055
jugo,ponque,23995
leche,ponque,15466
leche,ponque,38599
agua,ponque,16390
leche,ponque,27190
agua-saborisada,ponque,16689
agua,papas,37244
leche,ponque,17352
agua,ponque,22587
jugo,papas,32407
agua,papas,32739
jugo,papas,29335
jugo,papas,23949
jugo,papas,25867
jugo,papas,29094
leche,sandwitch,23837
jugo,papas,22338
leche,sandwitch,38300
jugo,papas,21877
agua-saborisada,sandwitch,24555
agua,ponque,27422
agua,papas,15027
jugo,papas,33194
leche,papas,24976
agua-saborisada,papas,17457
agua,sandwitch,34453
agua,sandwitch,28397
agua-saborisada,papas,27779
leche,sandwitch,21771
leche,papas,34565
agua-saborisada,ponque,25765
leche,papas,19253
agua,papas,15561
jugo,sandwitch,38935
agua-saborisada,ponque,21025
leche,papas,19550
agua,sandwitch,31875
agua,sandwitch,33175
leche,papas,31757
agua-saborisada,ponque,24887
agua-saborisada,ponque,24562
agua,ponque,26731
agua-saborisada,sandwitch,20905
agua,papas,24545
leche,sandwitch,22380
agua,sandwitch,36666
jugo,sandwitch,25616
jugo,papas,29254
leche,ponque,25337
agua-saborisada,ponque,27472
agua-saborisada,ponque,28595
jugo,sandwitch,38865
agua,ponque,28112
agua-saborisada,sandwitch,25290
jugo,sandwitch,34922
agua-saborisada,ponque,17817
agua-saborisada,ponque,19302
leche,papas,23798
jugo,ponque,15986
jugo,sandwitch,25126
jugo,sandwitch,19119
agua,sandwitch,29323
jugo,papas,30781
agua-saborisada,ponque,27866
agua-saborisada,papas,31675
jugo,sandwitch,37923
leche,sandwitch,29063
agua,sandwitch,30094
agua,ponque,30643
jugo,sandwitch,22871
agua,ponque,17323
jugo,sandwitch,23685
jugo,sandwitch,23496
agua-saborisada,papas,28296
agua,papas,16573
leche,ponque,38880
agua,sandwitch,22352
agua,papas,18618
leche,papas,20850
agua,ponque,39769
jugo,papas,36832
agua,sandwitch,32962
leche,papas,31870
leche,papas,30337
jugo,sandwitch,29196
agua-saborisada,papas,16160
leche,ponque,33294
agua,ponque,23205
agua,ponque,35804
agua,sandwitch,16452
leche,ponque,23839
leche,ponque,36564
agua,papas,24828
agua,ponque,36568
agua,papas,30239
agua-saborisada,sandwitch,20258
agua,sandwitch,16490
agua-saborisada,papas,39293
agua-saborisada,papas,22986
jugo,papas,16523
agua-saborisada,sandwitch,18849
jugo,ponque,37474
agua-saborisada,ponque,35294
agua-saborisada,sandwitch,34569
agua-saborisada,papas,34936
leche,ponque,20022
leche,papas,31631
agua-saborisada,ponque,39967
agua-saborisada,sandwitch,34175
leche,ponque,39864
agua-saborisada,ponque,37007
agua-saborisada,papas,20732
agua,ponque,20196
agua-saborisada,ponque,34110
agua,ponque,23688
leche,ponque,22740
leche,ponque,20700
agua,papas,18574
agua-saborisada,ponque,32319
leche,sandwitch,34756
agua,sandwitch,32674
jugo,ponque,21475
jugo,sandwitch,26107
jugo,papas,30996
agua-saborisada,papas,18384
agua-saborisada,papas,29605
leche,sandwitch,27779
agua-saborisada,papas,39907
jugo,ponque,24588
leche,sandwitch,31620
agua,sandwitch,30946
agua,ponque,27165
agua,papas,19437
agua-saborisada,papas,26438
leche,sandwitch,17814
jugo,ponque,15799
agua,ponque,35644
agua-saborisada,ponque,31678
jugo,papas,34789
leche,sandwitch,18608
agua,sandwitch,38324
agua,papas,26402
agua-saborisada,papas,16588
agua-saborisada,papas,18033
leche,ponque,17390
agua,sandwitch,37660
leche,sandwitch,17506
agua,sandwitch,38509
leche,papas,33839
leche,ponque,15461
jugo,papas,24989
leche,ponque,34798
agua,ponque,26699
agua-saborisada,sandwitch,23156
leche,papas,25769
agua-saborisada,ponque,18056
agua,ponque,33051
jugo,sandwitch,36226
agua,papas,33471
agua,sandwitch,38353
jugo,papas,39246
agua-saborisada,papas,33631
agua,papas,24926
jugo,papas,36822
leche,sandwitch,39429
agua,papas,30816
jugo,ponque,18962
agua,ponque,38797
agua-saborisada,papas,32089
leche,sandwitch,33092
agua,papas,34715
agua-saborisada,sandwitch,21136
leche,sandwitch,20930
jugo,ponque,16059
jugo,ponque,39560
agua,papas,28216
agua,papas,31169
agua,ponque,28150
agua-saborisada,papas,21563
agua-saborisada,papas,27888
leche,sandwitch,38602
jugo,sandwitch,33402
jugo,sandwitch,24974
jugo,sandwitch,31179
agua-saborisada,ponque,27118
agua-saborisada,sandwitch,27197
agua-saborisada,ponque,37125
agua-saborisada,sandwitch,25893
agua-saborisada,ponque,22211
agua,ponque,35421
agua,ponque,26261
jugo,papas,22295
leche,ponque,37679
agua-saborisada,ponque,36260
agua-saborisada,sandwitch,20605
jugo,sandwitch,39314
agua-saborisada,papas,27049
jugo,papas,23895
agua,sandwitch,16801
agua-saborisada,sandwitch,17851
agua,ponque,28961
jugo,sandwitch,23866
leche,sandwitch,24811
leche,sandwitch,29546
agua-saborisada,ponque,35531
agua-saborisada,sandwitch,15901
agua-saborisada,papas,33571
leche,sandwitch,32951
leche,sandwitch,34582
agua-saborisada,ponque,33347
leche,papas,23464
agua-saborisada,ponque,19877
agua-saborisada,papas,28499
agua,ponque,19804
leche,papas,26443
agua,ponque,38376
leche,sandwitch,33483
agua-saborisada,ponque,27511
leche,papas,25696
leche,ponque,30392
agua,sandwitch,26075
agua-saborisada,ponque,26435
agua-saborisada,papas,29578
agua-saborisada,ponque,28732
agua-saborisada,ponque,31812
agua,ponque,25812
leche,sandwitch,24360
agua-saborisada,ponque,21102
jugo,sandwitch,36406
agua,ponque,33982
agua,ponque,16891
agua-saborisada,papas,32126
leche,sandwitch,33576
agua,sandwitch,17147
agua,sandwitch,21516
agua-saborisada,papas,33216
leche,ponque,17443
jugo,papas,16463
jugo,sandwitch,27675
leche,ponque,32080
jugo,sandwitch,20696
leche,papas,32564
agua,sandwitch,15692
agua,sandwitch,32127
leche,ponque,21711
agua-saborisada,papas,20660
jugo,papas,25976
agua-saborisada,sandwitch,24047
agua-saborisada,sandwitch,26864
agua-saborisada,papas,34948
jugo,papas,24346
agua-saborisada,sandwitch,24536
jugo,papas,23075
leche,ponque,28780
agua-saborisada,ponque,26961
leche,papas,18481
agua,papas,29248
agua,sandwitch,25442
agua-saborisada,ponque,15928
leche,ponque,35117
jugo,ponque,28115
agua,papas,26576
agua,ponque,36721
jugo,sandwitch,37328
jugo,sandwitch,19403
agua-saborisada,ponque,39782
jugo,sandwitch,35216
agua,sandwitch,20254
agua,papas,16615
agua-saborisada,ponque,18134
agua,papas,32024
agua-saborisada,papas,32891
leche,sandwitch,35171
agua-saborisada,ponque,38025
agua-saborisada,papas,23025
agua-saborisada,ponque,32781
jugo,ponque,35818
agua-saborisada,ponque,34988
agua,ponque,38821
agua-saborisada,papas,34004
leche,ponque,21276
leche,papas,26750
agua,ponque,20385
agua,ponque,26734
jugo,papas,18766
agua-saborisada,papas,27048
leche,sandwitch,20941
agua,papas,32831
agua,ponque,34078
agua,ponque,33420
leche,sandwitch,29301
jugo,sandwitch,16952
leche,papas,30357
agua,papas,18057
jugo,papas,18846
agua,ponque,18028
leche,ponque,31924
jugo,papas,34469
agua-saborisada,papas,26619
jugo,papas,15211
agua-saborisada,papas,35790
agua,sandwitch,16703
agua,ponque,19009
jugo,sandwitch,20030
agua,papas,39182
jugo,ponque,28767
leche,ponque,29239
agua,papas,34191
agua-saborisada,papas,38073
jugo,papas,39060
jugo,papas,29573
agua-saborisada,ponque,39379
leche,papas,26987
jugo,sandwitch,30108
leche,papas,16219
leche,ponque,38716
jugo,ponque,21091
agua-saborisada,papas,21904
leche,ponque,39195
agua,ponque,26052
